city,route,intersection
Berlin,Berlin1,2015-04-17_10-52-00
Berlin,Berlin1,2015-04-17_10-52-17
Berlin,Berlin1,2015-04-17_10-55-56
Berlin,Berlin1,2015-04-17_10-57-20
Berlin,Berlin1,2015-04-17_10-59-03
Berlin,Berlin1,2015-04-17_10-59-24
Berlin,Berlin1,2015-04-17_11-00-07
Berlin,Berlin1,2015-04-17_11-02-08
Berlin,Berlin1,2015-04-17_11-03-11
Berlin,Berlin1,2015-04-17_11-04-16
Berlin,Berlin1,2015-04-17_11-05-57
Berlin,Berlin1,2015-04-17_11-07-47
Berlin,Berlin1,2015-04-17_11-08-09
Berlin,Berlin1,2015-04-17_11-08-39
Berlin,Berlin1,2015-04-17_11-09-22
Berlin,Berlin1,2015-04-17_11-10-07
Berlin,Berlin1,2015-04-17_11-10-19
Berlin,Berlin1,2015-04-17_11-12-10
Berlin,Berlin2,2015-04-17_11-23-58
Berlin,Berlin2,2015-04-17_11-24-44
Berlin,Berlin2,2015-04-17_11-25-29
Berlin,Berlin2,2015-04-17_11-27-08
Berlin,Berlin2,2015-04-17_11-30-04
Berlin,Berlin2,2015-04-17_11-32-00
Berlin,Berlin2,2015-04-17_11-37-44
Berlin,Berlin2,2015-04-17_11-39-29
Berlin,Berlin2,2015-04-17_11-40-13
Berlin,Berlin2,2015-04-17_11-41-35
Berlin,Berlin2,2015-04-17_11-43-23
Berlin,Berlin2,2015-04-17_11-45-09
Berlin,Berlin2,2015-04-17_11-46-06
Berlin,Berlin2,2015-04-17_11-46-43
Berlin,Berlin2,2015-04-17_11-47-46
Berlin,Berlin2,2015-04-17_11-48-58
Berlin,Berlin2,2015-04-17_11-50-38
Berlin,Berlin2,2015-04-17_11-53-00
Berlin,Berlin2,2015-04-17_11-53-53
Berlin,Berlin2,2015-04-17_11-54-50
Berlin,Berlin2,2015-04-17_11-56-48
Berlin,Berlin2,2015-04-17_11-58-27
Berlin,Berlin2,2015-04-17_11-59-53
Berlin,Berlin2,2015-04-17_12-03-20
Berlin,Berlin2,2015-04-17_12-03-38
Berlin,Berlin2,2015-04-17_12-05-30
Berlin,Berlin2,2015-04-17_12-14-45
Berlin,Berlin2,2015-04-17_12-14-55
Berlin,Berlin2,2015-04-17_12-15-34
Berlin,Berlin2,2015-04-17_12-17-27
Berlin,Berlin2,2015-04-17_12-18-02
Berlin,Berlin2,2015-04-17_12-18-39
Berlin,Berlin2,2015-04-17_12-18-56
Berlin,Berlin2,2015-04-17_12-19-59
Berlin,Berlin3,2015-04-17_12-28-00
Berlin,Berlin3,2015-04-17_12-28-32
Berlin,Berlin3,2015-04-17_12-29-47
Berlin,Berlin3,2015-04-17_12-32-10
Berlin,Berlin3,2015-04-17_12-32-57
Berlin,Berlin3,2015-04-17_12-33-32
Berlin,Berlin3,2015-04-17_12-33-52
Berlin,Berlin3,2015-04-17_12-34-36
Berlin,Berlin3,2015-04-17_12-36-22
Berlin,Berlin3,2015-04-17_12-37-16
Berlin,Berlin3,2015-04-17_12-37-34
Berlin,Berlin3,2015-04-17_12-38-02
Berlin,Berlin3,2015-04-17_12-39-04
Berlin,Berlin3,2015-04-17_12-39-30
Berlin,Berlin3,2015-04-17_12-40-29
Berlin,Berlin3,2015-04-17_12-41-51
Berlin,Berlin3,2015-04-17_12-42-30
Berlin,Berlin3,2015-04-17_12-48-49
Berlin,Berlin3,2015-04-17_12-50-24
Berlin,Berlin3,2015-04-17_12-52-26
Berlin,Berlin3,2015-04-17_12-53-04
Berlin,Berlin3,2015-04-17_12-53-33
Berlin,Berlin3,2015-04-17_12-54-42
Berlin,Berlin3,2015-04-17_12-55-23
Berlin,Berlin3,2015-04-17_12-56-44
Berlin,Berlin3,2015-04-17_12-58-20
Berlin,Berlin3,2015-04-17_13-00-55
Berlin,Berlin3,2015-04-17_13-01-51
Berlin,Berlin3,2015-04-17_13-10-45
Berlin,Berlin3,2015-04-17_13-11-51
Berlin,Berlin3,2015-04-17_13-14-05
Berlin,Berlin3,2015-04-17_13-14-39
Berlin,Berlin3,2015-04-17_13-17-04
Berlin,Berlin3,2015-04-17_13-17-19
Berlin,Berlin4,2015-04-17_14-10-41
Berlin,Berlin4,2015-04-17_14-21-55
Berlin,Berlin4,2015-04-17_14-22-03
Berlin,Berlin4,2015-04-17_14-22-57
Berlin,Berlin4,2015-04-17_14-23-44
Berlin,Berlin4,2015-04-17_14-27-15
Berlin,Berlin4,2015-04-17_14-28-12
Berlin,Berlin4,2015-04-17_14-28-51
Berlin,Berlin4,2015-04-17_14-29-40
Berlin,Berlin4,2015-04-17_14-30-00
Berlin,Berlin4,2015-04-17_14-33-28
Berlin,Berlin4,2015-04-17_14-33-47
Berlin,Berlin4,2015-04-17_14-34-08
Berlin,Berlin4,2015-04-17_14-36-05
Berlin,Berlin4,2015-04-17_14-39-11
Berlin,Berlin4,2015-04-17_14-41-05
Berlin,Berlin4,2015-04-17_14-41-49
Bochum,Bochum1,2015-04-21_17-09-21
Bochum,Bochum1,2015-04-21_17-11-13
Bochum,Bochum1,2015-04-21_17-11-54
Bochum,Bochum1,2015-04-21_17-13-33
Bochum,Bochum1,2015-04-21_17-14-38
Bochum,Bochum1,2015-04-21_17-15-24
Bochum,Bochum1,2015-04-21_17-22-31
Bochum,Bochum1,2015-04-21_17-23-11
Bochum,Bochum1,2015-04-21_17-23-49
Bochum,Bochum1,2015-04-21_17-24-13
Bochum,Bochum1,2015-04-21_17-24-26
Bochum,Bochum1,2015-04-21_17-28-49
Bochum,Bochum1,2015-04-21_17-29-31
Bochum,Bochum1,2015-04-21_17-29-47
Bochum,Bochum1,2015-04-21_17-30-07
Bochum,Bochum1,2015-04-21_17-31-24
Bochum,Bochum1,2015-04-21_17-32-07
Bochum,Bochum1,2015-04-21_17-32-16
Bochum,Bochum1,2015-04-21_17-34-02
Bochum,Bochum1,2015-04-21_17-34-12
Bremen,Bremen1,2015-04-18_17-59-54
Bremen,Bremen1,2015-04-18_18-00-46
Bremen,Bremen1,2015-04-18_18-01-45
Bremen,Bremen1,2015-04-18_18-02-19
Bremen,Bremen1,2015-04-18_18-08-17
Bremen,Bremen1,2015-04-18_18-09-15
Bremen,Bremen1,2015-04-18_18-09-59
Bremen,Bremen1,2015-04-18_18-10-26
Bremen,Bremen1,2015-04-18_18-10-56
Bremen,Bremen1,2015-04-18_18-14-09
Bremen,Bremen1,2015-04-18_18-15-40
Bremen,Bremen1,2015-04-18_18-16-11
Bremen,Bremen1,2015-04-18_18-17-16
Bremen,Bremen1,2015-04-18_18-18-22
Bremen,Bremen1,2015-04-18_18-18-41
Bremen,Bremen1,2015-04-18_18-19-11
Bremen,Bremen1,2015-04-18_18-19-53
Bremen,Bremen1,2015-04-18_18-20-42
Bremen,Bremen1,2015-04-18_18-21-23
Bremen,Bremen1,2015-04-18_18-21-56
Bremen,Bremen1,2015-04-18_18-22-41
Dortmund,Dortmund1,2015-04-21_14-55-23
Dortmund,Dortmund1,2015-04-21_14-59-10
Dortmund,Dortmund1,2015-04-21_15-00-39
Dortmund,Dortmund1,2015-04-21_15-01-30
Dortmund,Dortmund1,2015-04-21_15-05-06
Dortmund,Dortmund1,2015-04-21_15-07-10
Dortmund,Dortmund1,2015-04-21_15-08-18
Dortmund,Dortmund1,2015-04-21_15-08-40
Dortmund,Dortmund1,2015-04-21_15-09-22
Dortmund,Dortmund1,2015-04-21_15-10-48
Dortmund,Dortmund1,2015-04-21_15-13-19
Dortmund,Dortmund1,2015-04-21_15-13-37
Dortmund,Dortmund1,2015-04-21_15-14-12
Dortmund,Dortmund1,2015-04-21_15-15-08
Dortmund,Dortmund1,2015-04-21_15-15-29
Dortmund,Dortmund1,2015-04-21_15-15-40
Dortmund,Dortmund1,2015-04-21_15-48-37
Dortmund,Dortmund1,2015-04-21_15-49-25
Dortmund,Dortmund1,2015-04-21_15-50-07
Dortmund,Dortmund1,2015-04-21_15-50-26
Dortmund,Dortmund1,2015-04-21_15-51-55
Dortmund,Dortmund1,2015-04-21_15-53-30
Dortmund,Dortmund1,2015-04-21_15-54-02
Dortmund,Dortmund1,2015-04-21_15-55-11
Dortmund,Dortmund1,2015-04-21_15-55-40
Dortmund,Dortmund1,2015-04-21_15-56-59
Dortmund,Dortmund1,2015-04-21_15-59-28
Dortmund,Dortmund1,2015-04-21_15-59-51
Dortmund,Dortmund1,2015-04-21_16-00-47
Dortmund,Dortmund1,2015-04-21_16-01-25
Dortmund,Dortmund1,2015-04-21_16-01-37
Dortmund,Dortmund1,2015-04-21_16-02-19
Dortmund,Dortmund1,2015-04-21_16-02-33
Dortmund,Dortmund1,2015-04-21_16-03-12
Dortmund,Dortmund1,2015-04-21_16-03-29
Dortmund,Dortmund1,2015-04-21_16-03-46
Dortmund,Dortmund1,2015-04-21_16-04-41
Dortmund,Dortmund1,2015-04-21_16-04-58
Dortmund,Dortmund1,2015-04-21_16-05-28
Dortmund,Dortmund1,2015-04-21_16-05-44
Dortmund,Dortmund1,2015-04-21_16-06-25
Dortmund,Dortmund1,2015-04-21_16-09-36
Dortmund,Dortmund1,2015-04-21_16-09-51
Dortmund,Dortmund1,2015-04-21_16-10-22
Dortmund,Dortmund1,2015-04-21_16-11-09
Dortmund,Dortmund2,2015-04-21_11-07-57
Dortmund,Dortmund2,2015-04-21_11-09-39
Dortmund,Dortmund2,2015-04-21_11-11-35
Dortmund,Dortmund2,2015-04-21_11-11-49
Dortmund,Dortmund2,2015-04-21_11-13-16
Dortmund,Dortmund2,2015-04-21_11-13-50
Dortmund,Dortmund2,2015-04-21_11-14-59
Dortmund,Dortmund2,2015-04-21_11-15-37
Dortmund,Dortmund2,2015-04-21_11-17-34
Dortmund,Dortmund2,2015-04-21_11-17-52
Dortmund,Dortmund2,2015-04-21_11-19-03
Dortmund,Dortmund2,2015-04-21_11-19-23
Dortmund,Dortmund2,2015-04-21_11-21-06
Dortmund,Dortmund2,2015-04-21_11-21-58
Dortmund,Dortmund2,2015-04-21_11-22-20
Dortmund,Dortmund2,2015-04-21_11-24-36
Dortmund,Dortmund2,2015-04-21_11-24-57
Dortmund,Dortmund2,2015-04-21_11-25-06
Dortmund,Dortmund2,2015-04-21_11-26-21
Dortmund,Dortmund2,2015-04-21_11-26-37
Dortmund,Dortmund2,2015-04-21_11-27-34
Dortmund,Dortmund2,2015-04-21_11-27-48
Dortmund,Dortmund2,2015-04-21_11-28-57
Dortmund,Dortmund2,2015-04-21_11-29-43
Dortmund,Dortmund2,2015-04-21_11-30-02
Dortmund,Dortmund2,2015-04-21_11-31-22
Dortmund,Dortmund2,2015-04-21_11-32-55
Dortmund,Dortmund2,2015-04-21_11-33-10
Dortmund,Dortmund3,2015-04-21_11-40-35
Dortmund,Dortmund3,2015-04-21_11-40-51
Dortmund,Dortmund3,2015-04-21_11-41-49
Dortmund,Dortmund3,2015-04-21_11-42-19
Dortmund,Dortmund3,2015-04-21_11-42-27
Dortmund,Dortmund3,2015-04-21_11-42-45
Dortmund,Dortmund3,2015-04-21_11-45-26
Dortmund,Dortmund3,2015-04-21_11-45-50
Dortmund,Dortmund3,2015-04-21_11-46-08
Dortmund,Dortmund3,2015-04-21_11-46-22
Dortmund,Dortmund3,2015-04-21_11-46-50
Dortmund,Dortmund3,2015-04-21_11-47-12
Dortmund,Dortmund3,2015-04-21_11-47-31
Dortmund,Dortmund3,2015-04-21_11-47-49
Dortmund,Dortmund3,2015-04-21_11-48-07
Dortmund,Dortmund3,2015-04-21_11-48-20
Dortmund,Dortmund3,2015-04-21_11-49-57
Dortmund,Dortmund3,2015-04-21_11-53-45
Dortmund,Dortmund3,2015-04-21_11-53-58
Dortmund,Dortmund3,2015-04-21_11-55-17
Dortmund,Dortmund3,2015-04-21_11-55-43
Dortmund,Dortmund3,2015-04-21_11-55-51
Dortmund,Dortmund3,2015-04-21_11-57-15
Dortmund,Dortmund3,2015-04-21_11-57-54
Dortmund,Dortmund3,2015-04-21_11-58-14
Dortmund,Dortmund3,2015-04-21_11-58-18
Dortmund,Dortmund3,2015-04-21_11-58-49
Dortmund,Dortmund3,2015-04-21_11-59-42
Dortmund,Dortmund3,2015-04-21_12-00-12
Dortmund,Dortmund3,2015-04-21_12-01-08
Dortmund,Dortmund3,2015-04-21_12-01-18
Dortmund,Dortmund3,2015-04-21_12-01-30
Dortmund,Dortmund3,2015-04-21_12-03-25
Dortmund,Dortmund3,2015-04-21_12-04-25
Dortmund,Dortmund3,2015-04-21_12-05-11
Dortmund,Dortmund3,2015-04-21_12-05-15
Dortmund,Dortmund3,2015-04-21_12-06-14
Dortmund,Dortmund3,2015-04-21_12-07-45
Dortmund,Dortmund3,2015-04-21_12-08-40
Dortmund,Dortmund4,2015-04-21_12-33-30
Dortmund,Dortmund4,2015-04-21_12-34-36
Dortmund,Dortmund4,2015-04-21_12-39-32
Dortmund,Dortmund4,2015-04-21_12-39-56
Dortmund,Dortmund4,2015-04-21_12-41-11
Dortmund,Dortmund4,2015-04-21_12-41-30
Dortmund,Dortmund4,2015-04-21_12-43-58
Dortmund,Dortmund4,2015-04-21_12-44-08
Dortmund,Dortmund4,2015-04-21_12-44-46
Dortmund,Dortmund4,2015-04-21_12-45-17
Dortmund,Dortmund4,2015-04-21_12-46-51
Dortmund,Dortmund4,2015-04-21_12-47-13
Dortmund,Dortmund4,2015-04-21_12-47-29
Dortmund,Dortmund4,2015-04-21_12-47-39
Dortmund,Dortmund4,2015-04-21_12-48-40
Dortmund,Dortmund4,2015-04-21_12-49-42
Dortmund,Dortmund4,2015-04-21_12-55-50
Dortmund,Dortmund4,2015-04-21_12-56-35
Dortmund,Dortmund4,2015-04-21_12-59-02
Dortmund,Dortmund4,2015-04-21_13-01-41
Dortmund,Dortmund4,2015-04-21_13-03-01
Dortmund,Dortmund4,2015-04-21_13-08-02
Dortmund,Dortmund4,2015-04-21_13-08-54
Dortmund,Dortmund4,2015-04-21_13-12-17
Dortmund,Dortmund4,2015-04-21_13-12-49
Dortmund,Dortmund4,2015-04-21_13-14-12
Dortmund,Dortmund4,2015-04-21_13-14-20
Dortmund,Dortmund4,2015-04-21_13-17-35
Dortmund,Dortmund4,2015-04-21_13-18-00
Dortmund,Dortmund4,2015-04-21_13-18-18
Dortmund,Dortmund4,2015-04-21_13-19-31
Dortmund,Dortmund4,2015-04-21_13-20-24
Dortmund,Dortmund4,2015-04-21_13-21-15
Dortmund,Dortmund4,2015-04-21_13-22-20
Dortmund,Dortmund4,2015-04-21_13-22-29
Dortmund,Dortmund4,2015-04-21_13-22-32
Dortmund,Dortmund5,2015-04-21_13-31-28
Dortmund,Dortmund5,2015-04-21_13-31-49
Dortmund,Dortmund5,2015-04-21_13-34-09
Dortmund,Dortmund5,2015-04-21_13-34-17
Dortmund,Dortmund5,2015-04-21_13-34-33
Dortmund,Dortmund5,2015-04-21_13-36-50
Dortmund,Dortmund5,2015-04-21_13-37-24
Dortmund,Dortmund5,2015-04-21_13-37-46
Dortmund,Dortmund5,2015-04-21_13-38-50
Dortmund,Dortmund5,2015-04-21_13-39-13
Dortmund,Dortmund5,2015-04-21_13-44-40
Dortmund,Dortmund5,2015-04-21_13-44-56
Dortmund,Dortmund5,2015-04-21_13-45-05
Dortmund,Dortmund5,2015-04-21_13-45-31
Dortmund,Dortmund5,2015-04-21_13-46-19
Dortmund,Dortmund5,2015-04-21_13-46-41
Dortmund,Dortmund5,2015-04-21_13-47-09
Dortmund,Dortmund5,2015-04-21_13-49-36
Dortmund,Dortmund5,2015-04-21_13-49-47
Dortmund,Dortmund5,2015-04-21_14-17-27
Dortmund,Dortmund5,2015-04-21_14-18-23
Dortmund,Dortmund5,2015-04-21_14-19-30
Dortmund,Dortmund5,2015-04-21_14-20-39
Dortmund,Dortmund6,2015-04-21_14-28-27
Dortmund,Dortmund6,2015-04-21_14-29-13
Dortmund,Dortmund6,2015-04-21_14-29-31
Dortmund,Dortmund6,2015-04-21_14-30-17
Dortmund,Dortmund6,2015-04-21_14-31-05
Dortmund,Dortmund6,2015-04-21_14-32-12
Dortmund,Dortmund6,2015-04-21_14-33-09
Dortmund,Dortmund6,2015-04-21_14-34-00
Dortmund,Dortmund6,2015-04-21_14-35-06
Dortmund,Dortmund6,2015-04-21_14-36-22
Dortmund,Dortmund6,2015-04-21_14-37-09
Dortmund,Dortmund6,2015-04-21_14-38-07
Dortmund,Dortmund6,2015-04-21_14-38-40
Dortmund,Dortmund6,2015-04-21_14-41-43
Dortmund,Dortmund6,2015-04-21_14-41-48
Dortmund,Dortmund6,2015-04-21_14-42-50
Dortmund,Dortmund6,2015-04-21_14-46-52
Dortmund,Dortmund6,2015-04-21_14-47-19
Dortmund,Dortmund6,2015-04-21_14-47-43
Dortmund,Dortmund6,2015-04-21_14-48-12
Dortmund,Dortmund6,2015-04-21_14-48-45
Dortmund,Dortmund6,2015-04-21_14-50-51
Dortmund,Dortmund6,2015-04-21_14-51-58
Duesseldorf,Duesseldorf1,2015-04-22_13-06-57
Duesseldorf,Duesseldorf1,2015-04-22_13-07-54
Duesseldorf,Duesseldorf1,2015-04-22_13-08-18
Duesseldorf,Duesseldorf1,2015-04-22_13-09-03
Duesseldorf,Duesseldorf1,2015-04-22_13-09-48
Duesseldorf,Duesseldorf1,2015-04-22_13-12-05
Duesseldorf,Duesseldorf1,2015-04-22_13-12-37
Duesseldorf,Duesseldorf1,2015-04-22_13-13-32
Duesseldorf,Duesseldorf1,2015-04-22_13-14-04
Duesseldorf,Duesseldorf1,2015-04-22_13-21-28
Duesseldorf,Duesseldorf1,2015-04-22_13-21-48
Duesseldorf,Duesseldorf1,2015-04-22_13-22-01
Duesseldorf,Duesseldorf1,2015-04-22_13-22-13
Duesseldorf,Duesseldorf1,2015-04-22_13-22-20
Duesseldorf,Duesseldorf1,2015-04-22_13-22-50
Duesseldorf,Duesseldorf1,2015-04-22_13-23-52
Duesseldorf,Duesseldorf1,2015-04-22_13-24-27
Duesseldorf,Duesseldorf1,2015-04-22_13-26-57
Duesseldorf,Duesseldorf1,2015-04-22_13-27-39
Duesseldorf,Duesseldorf1,2015-04-22_13-28-28
Duesseldorf,Duesseldorf1,2015-04-22_13-29-04
Duesseldorf,Duesseldorf1,2015-04-22_13-29-45
Duesseldorf,Duesseldorf1,2015-04-22_13-34-02
Duesseldorf,Duesseldorf1,2015-04-22_13-35-17
Duesseldorf,Duesseldorf1,2015-04-22_13-35-33
Duesseldorf,Duesseldorf1,2015-04-22_14-47-39
Duesseldorf,Duesseldorf1,2015-04-22_14-51-16
Duesseldorf,Duesseldorf1,2015-04-22_14-51-44
Duesseldorf,Duesseldorf1,2015-04-22_14-52-06
Duesseldorf,Duesseldorf1,2015-04-22_14-52-18
Duesseldorf,Duesseldorf1,2015-04-22_14-54-03
Duesseldorf,Duesseldorf1,2015-04-22_14-54-17
Duesseldorf,Duesseldorf1,2015-04-22_14-54-35
Duesseldorf,Duesseldorf1,2015-04-22_14-55-10
Duesseldorf,Duesseldorf1,2015-04-22_14-55-55
Duesseldorf,Duesseldorf1,2015-04-22_14-56-19
Duesseldorf,Duesseldorf2,2015-04-22_14-58-06
Duesseldorf,Duesseldorf2,2015-04-22_15-00-44
Duesseldorf,Duesseldorf2,2015-04-22_15-02-20
Duesseldorf,Duesseldorf2,2015-04-22_15-03-07
Duesseldorf,Duesseldorf2,2015-04-22_15-03-57
Duesseldorf,Duesseldorf2,2015-04-22_15-04-37
Duesseldorf,Duesseldorf2,2015-04-22_15-04-43
Duesseldorf,Duesseldorf2,2015-04-22_15-04-52
Duesseldorf,Duesseldorf2,2015-04-22_15-05-08
Duesseldorf,Duesseldorf2,2015-04-22_15-06-48
Duesseldorf,Duesseldorf2,2015-04-22_15-07-14
Duesseldorf,Duesseldorf2,2015-04-22_15-08-42
Duesseldorf,Duesseldorf2,2015-04-22_15-11-39
Duesseldorf,Duesseldorf2,2015-04-22_15-16-14
Duesseldorf,Duesseldorf2,2015-04-22_15-17-06
Duesseldorf,Duesseldorf2,2015-04-22_15-17-25
Duesseldorf,Duesseldorf2,2015-04-22_15-17-51
Duesseldorf,Duesseldorf2,2015-04-22_15-18-15
Duesseldorf,Duesseldorf2,2015-04-22_15-20-55
Duesseldorf,Duesseldorf2,2015-04-22_15-21-53
Duesseldorf,Duesseldorf2,2015-04-22_15-22-21
Duesseldorf,Duesseldorf2,2015-04-22_15-22-39
Duesseldorf,Duesseldorf2,2015-04-22_15-22-56
Duesseldorf,Duesseldorf2,2015-04-22_15-24-07
Duesseldorf,Duesseldorf2,2015-04-22_15-25-00
Duesseldorf,Duesseldorf2,2015-04-22_15-25-24
Duesseldorf,Duesseldorf2,2015-04-22_15-25-44
Duesseldorf,Duesseldorf2,2015-04-22_15-25-56
Duesseldorf,Duesseldorf3,2015-04-22_15-28-05
Duesseldorf,Duesseldorf3,2015-04-22_15-28-23
Duesseldorf,Duesseldorf3,2015-04-22_15-30-41
Duesseldorf,Duesseldorf3,2015-04-22_15-30-58
Duesseldorf,Duesseldorf3,2015-04-22_15-31-44
Duesseldorf,Duesseldorf3,2015-04-22_15-32-41
Duesseldorf,Duesseldorf3,2015-04-22_15-33-02
Duesseldorf,Duesseldorf3,2015-04-22_15-33-30
Duesseldorf,Duesseldorf3,2015-04-22_15-35-14
Duesseldorf,Duesseldorf3,2015-04-22_15-39-19
Duesseldorf,Duesseldorf3,2015-04-22_15-39-24
Duesseldorf,Duesseldorf3,2015-04-22_15-39-41
Duesseldorf,Duesseldorf3,2015-04-22_15-40-09
Duesseldorf,Duesseldorf3,2015-04-22_15-41-01
Duesseldorf,Duesseldorf3,2015-04-22_15-42-16
Duesseldorf,Duesseldorf3,2015-04-22_15-42-28
Duesseldorf,Duesseldorf3,2015-04-22_15-43-15
Duesseldorf,Duesseldorf3,2015-04-22_15-43-42
Duesseldorf,Duesseldorf3,2015-04-22_15-43-50
Duesseldorf,Duesseldorf3,2015-04-22_15-43-59
Duesseldorf,Duesseldorf3,2015-04-22_15-44-14
Duesseldorf,Duesseldorf3,2015-04-22_15-45-16
Duesseldorf,Duesseldorf3,2015-04-22_15-46-07
Duesseldorf,Duesseldorf3,2015-04-22_15-49-30
Duesseldorf,Duesseldorf3,2015-04-22_15-50-05
Duesseldorf,Duesseldorf3,2015-04-22_15-50-33
Duesseldorf,Duesseldorf3,2015-04-22_15-51-16
Duesseldorf,Duesseldorf3,2015-04-22_15-51-25
Duesseldorf,Duesseldorf3,2015-04-22_15-51-36
Duesseldorf,Duesseldorf3,2015-04-22_15-51-47
Duesseldorf,Duesseldorf3,2015-04-22_15-51-58
Duesseldorf,Duesseldorf3,2015-04-22_15-52-41
Duesseldorf,Duesseldorf3,2015-04-22_15-53-54
Duesseldorf,Duesseldorf3,2015-04-22_15-55-07
Duesseldorf,Duesseldorf3,2015-04-22_15-56-30
Duesseldorf,Duesseldorf3,2015-04-22_15-58-24
Duesseldorf,Duesseldorf4,2015-04-22_16-24-39
Duesseldorf,Duesseldorf4,2015-04-22_16-25-18
Duesseldorf,Duesseldorf4,2015-04-22_16-27-12
Duesseldorf,Duesseldorf4,2015-04-22_16-27-34
Duesseldorf,Duesseldorf4,2015-04-22_16-28-51
Duesseldorf,Duesseldorf4,2015-04-22_16-30-56
Duesseldorf,Duesseldorf4,2015-04-22_16-34-32
Duesseldorf,Duesseldorf4,2015-04-22_16-37-29
Duesseldorf,Duesseldorf4,2015-04-22_16-37-47
Duesseldorf,Duesseldorf4,2015-04-22_16-38-05
Duesseldorf,Duesseldorf4,2015-04-22_16-38-27
Duesseldorf,Duesseldorf4,2015-04-22_16-42-47
Duesseldorf,Duesseldorf4,2015-04-22_16-45-31
Duesseldorf,Duesseldorf4,2015-04-22_16-46-05
Duesseldorf,Duesseldorf4,2015-04-22_16-47-48
Duesseldorf,Duesseldorf4,2015-04-22_16-48-48
Duesseldorf,Duesseldorf4,2015-04-22_16-59-15
Duesseldorf,Duesseldorf4,2015-04-22_17-01-21
Duesseldorf,Duesseldorf4,2015-04-22_17-03-30
Duesseldorf,Duesseldorf4,2015-04-22_17-03-45
Duesseldorf,Duesseldorf4,2015-04-22_17-04-08
Duesseldorf,Duesseldorf4,2015-04-22_17-04-20
Duesseldorf,Duesseldorf4,2015-04-22_17-05-01
Duesseldorf,Duesseldorf4,2015-04-22_17-05-14
Duesseldorf,Duesseldorf4,2015-04-22_17-05-32
Duesseldorf,Duesseldorf4,2015-04-22_17-05-42
Duesseldorf,Duesseldorf4,2015-04-22_17-06-04
Duesseldorf,Duesseldorf4,2015-04-22_17-07-01
Duesseldorf,Duesseldorf4,2015-04-22_17-08-20
Duesseldorf,Duesseldorf4,2015-04-22_17-08-57
Duesseldorf,Duesseldorf4,2015-04-22_17-09-02
Duesseldorf,Duesseldorf4,2015-04-22_17-11-06
Duesseldorf,Duesseldorf4,2015-04-22_17-12-26
Duesseldorf,Duesseldorf4,2015-04-22_17-13-54
Duesseldorf,Duesseldorf4,2015-04-22_17-14-08
Duesseldorf,Duesseldorf4,2015-04-22_17-14-21
Duesseldorf,Duesseldorf4,2015-04-22_17-17-30
Duesseldorf,Duesseldorf4,2015-04-22_17-17-41
Duesseldorf,Duesseldorf4,2015-04-22_17-18-22
Duesseldorf,Duesseldorf4,2015-04-22_17-19-19
Duesseldorf,Duesseldorf4,2015-04-22_17-20-18
Duesseldorf,Duesseldorf4,2015-04-22_17-20-44
Duesseldorf,Duesseldorf4,2015-04-22_17-21-19
Duesseldorf,Duesseldorf4,2015-04-22_17-23-15
Duesseldorf,Duesseldorf4,2015-04-22_17-23-49
Duesseldorf,Duesseldorf5,2015-04-22_17-29-15
Duesseldorf,Duesseldorf5,2015-04-22_17-30-23
Duesseldorf,Duesseldorf5,2015-04-22_17-30-32
Duesseldorf,Duesseldorf5,2015-04-22_17-30-52
Duesseldorf,Duesseldorf5,2015-04-22_17-32-53
Duesseldorf,Duesseldorf5,2015-04-22_17-33-39
Duesseldorf,Duesseldorf5,2015-04-22_17-39-47
Duesseldorf,Duesseldorf5,2015-04-22_17-43-01
Duesseldorf,Duesseldorf5,2015-04-22_17-46-17
Duesseldorf,Duesseldorf5,2015-04-22_17-47-00
Duesseldorf,Duesseldorf5,2015-04-22_17-47-25
Essen,Essen1,2015-04-22_11-09-49
Essen,Essen1,2015-04-22_11-12-00
Essen,Essen1,2015-04-22_11-12-19
Essen,Essen1,2015-04-22_11-18-47
Essen,Essen1,2015-04-22_11-19-09
Essen,Essen1,2015-04-22_11-19-21
Essen,Essen1,2015-04-22_11-20-04
Essen,Essen1,2015-04-22_11-20-36
Essen,Essen1,2015-04-22_11-20-46
Essen,Essen1,2015-04-22_11-21-31
Essen,Essen1,2015-04-22_11-26-27
Essen,Essen1,2015-04-22_11-29-11
Essen,Essen1,2015-04-22_11-29-59
Essen,Essen1,2015-04-22_11-30-32
Essen,Essen1,2015-04-22_11-31-51
Essen,Essen1,2015-04-22_11-33-08
Essen,Essen1,2015-04-22_11-33-45
Essen,Essen1,2015-04-22_11-34-27
Essen,Essen1,2015-04-22_11-35-13
Essen,Essen1,2015-04-22_11-35-42
Essen,Essen1,2015-04-22_11-36-11
Essen,Essen1,2015-04-22_11-37-34
Essen,Essen1,2015-04-22_11-38-25
Essen,Essen1,2015-04-22_11-40-31
Essen,Essen1,2015-04-22_11-40-51
Essen,Essen1,2015-04-22_11-41-05
Essen,Essen1,2015-04-22_11-42-11
Essen,Essen1,2015-04-22_11-43-14
Essen,Essen1,2015-04-22_11-43-21
Essen,Essen1,2015-04-22_11-43-30
Essen,Essen1,2015-04-22_11-43-48
Essen,Essen1,2015-04-22_11-45-16
Essen,Essen1,2015-04-22_11-46-18
Essen,Essen1,2015-04-22_11-46-28
Essen,Essen1,2015-04-22_11-46-57
Essen,Essen1,2015-04-22_11-47-22
Essen,Essen1,2015-04-22_11-48-38
Essen,Essen1,2015-04-22_11-49-08
Essen,Essen1,2015-04-22_11-49-18
Essen,Essen1,2015-04-22_11-49-57
Essen,Essen1,2015-04-22_11-50-28
Essen,Essen2,2015-04-22_11-56-08
Essen,Essen2,2015-04-22_11-56-39
Essen,Essen2,2015-04-22_11-59-23
Essen,Essen2,2015-04-22_11-59-47
Essen,Essen2,2015-04-22_12-00-12
Essen,Essen2,2015-04-22_12-00-50
Essen,Essen2,2015-04-22_12-02-39
Essen,Essen2,2015-04-22_12-03-17
Essen,Essen2,2015-04-22_12-07-33
Essen,Essen2,2015-04-22_12-07-48
Essen,Essen2,2015-04-22_12-08-16
Essen,Essen2,2015-04-22_12-09-53
Essen,Essen2,2015-04-22_12-10-06
Essen,Essen2,2015-04-22_12-10-28
Essen,Essen2,2015-04-22_12-10-46
Essen,Essen2,2015-04-22_12-12-07
Essen,Essen2,2015-04-22_12-14-33
Essen,Essen2,2015-04-22_12-14-45
Essen,Essen2,2015-04-22_12-15-26
Essen,Essen2,2015-04-22_12-16-21
Essen,Essen2,2015-04-22_12-18-13
Essen,Essen2,2015-04-22_12-18-49
Essen,Essen3,2015-04-22_12-23-10
Essen,Essen3,2015-04-22_12-24-12
Essen,Essen3,2015-04-22_12-24-28
Essen,Essen3,2015-04-22_12-25-07
Essen,Essen3,2015-04-22_12-25-56
Essen,Essen3,2015-04-22_12-26-11
Essen,Essen3,2015-04-22_12-28-08
Essen,Essen3,2015-04-22_12-28-24
Essen,Essen3,2015-04-22_12-28-48
Essen,Essen3,2015-04-22_12-30-17
Essen,Essen3,2015-04-22_12-31-11
Essen,Essen3,2015-04-22_12-31-17
Essen,Essen3,2015-04-22_12-31-49
Essen,Essen3,2015-04-22_12-31-56
Essen,Essen3,2015-04-22_12-33-54
Frankfurt,Frankfurt1,2015-04-24_12-49-50
Frankfurt,Frankfurt1,2015-04-24_12-57-02
Frankfurt,Frankfurt1,2015-04-24_12-57-10
Frankfurt,Frankfurt1,2015-04-24_13-00-41
Frankfurt,Frankfurt1,2015-04-24_13-01-43
Frankfurt,Frankfurt1,2015-04-24_13-01-59
Frankfurt,Frankfurt1,2015-04-24_13-02-36
Frankfurt,Frankfurt1,2015-04-24_13-03-21
Frankfurt,Frankfurt1,2015-04-24_13-06-01
Frankfurt,Frankfurt1,2015-04-24_13-07-41
Frankfurt,Frankfurt1,2015-04-24_13-08-22
Frankfurt,Frankfurt1,2015-04-24_13-09-11
Frankfurt,Frankfurt1,2015-04-24_13-09-30
Frankfurt,Frankfurt1,2015-04-24_13-11-48
Frankfurt,Frankfurt1,2015-04-24_13-13-20
Frankfurt,Frankfurt1,2015-04-24_13-14-10
Frankfurt,Frankfurt1,2015-04-24_13-14-48
Frankfurt,Frankfurt1,2015-04-24_13-16-06
Frankfurt,Frankfurt1,2015-04-24_13-22-25
Frankfurt,Frankfurt1,2015-04-24_13-24-04
Frankfurt,Frankfurt1,2015-04-24_13-24-31
Frankfurt,Frankfurt1,2015-04-24_13-24-43
Frankfurt,Frankfurt1,2015-04-24_13-26-15
Frankfurt,Frankfurt1,2015-04-24_13-26-54
Frankfurt,Frankfurt1,2015-04-24_13-29-06
Frankfurt,Frankfurt1,2015-04-24_13-30-34
Frankfurt,Frankfurt1,2015-04-24_13-32-13
Frankfurt,Frankfurt1,2015-04-24_13-32-35
Frankfurt,Frankfurt2,2015-04-24_13-34-41
Frankfurt,Frankfurt2,2015-04-24_13-37-33
Frankfurt,Frankfurt2,2015-04-24_13-38-04
Frankfurt,Frankfurt2,2015-04-24_13-39-05
Frankfurt,Frankfurt2,2015-04-24_13-39-32
Frankfurt,Frankfurt2,2015-04-24_13-39-52
Frankfurt,Frankfurt2,2015-04-24_13-40-18
Frankfurt,Frankfurt2,2015-04-24_13-40-52
Frankfurt,Frankfurt2,2015-04-24_13-41-12
Frankfurt,Frankfurt2,2015-04-24_13-41-48
Frankfurt,Frankfurt2,2015-04-24_13-41-56
Frankfurt,Frankfurt2,2015-04-24_13-42-02
Frankfurt,Frankfurt2,2015-04-24_13-42-09
Frankfurt,Frankfurt2,2015-04-24_13-43-26
Frankfurt,Frankfurt2,2015-04-24_13-43-36
Frankfurt,Frankfurt2,2015-04-24_13-45-43
Frankfurt,Frankfurt2,2015-04-24_13-46-43
Frankfurt,Frankfurt2,2015-04-24_13-47-36
Frankfurt,Frankfurt2,2015-04-24_13-47-56
Frankfurt,Frankfurt2,2015-04-24_13-49-17
Frankfurt,Frankfurt2,2015-04-24_13-50-45
Frankfurt,Frankfurt2,2015-04-24_13-53-56
Frankfurt,Frankfurt2,2015-04-24_13-54-52
Frankfurt,Frankfurt2,2015-04-24_13-55-10
Frankfurt,Frankfurt2,2015-04-24_13-55-23
Frankfurt,Frankfurt2,2015-04-24_13-56-00
Frankfurt,Frankfurt2,2015-04-24_13-56-51
Frankfurt,Frankfurt2,2015-04-24_13-57-18
Frankfurt,Frankfurt2,2015-04-24_13-57-29
Frankfurt,Frankfurt2,2015-04-24_13-59-26
Frankfurt,Frankfurt2,2015-04-24_14-01-24
Frankfurt,Frankfurt3,2015-04-24_14-07-33
Frankfurt,Frankfurt3,2015-04-24_14-09-02
Frankfurt,Frankfurt3,2015-04-24_14-09-14
Frankfurt,Frankfurt3,2015-04-24_14-09-44
Frankfurt,Frankfurt3,2015-04-24_14-10-02
Frankfurt,Frankfurt3,2015-04-24_14-10-08
Frankfurt,Frankfurt3,2015-04-24_14-12-00
Frankfurt,Frankfurt3,2015-04-24_14-13-44
Frankfurt,Frankfurt3,2015-04-24_14-14-21
Frankfurt,Frankfurt3,2015-04-24_14-15-01
Frankfurt,Frankfurt3,2015-04-24_14-15-11
Frankfurt,Frankfurt3,2015-04-24_17-25-35
Frankfurt,Frankfurt3,2015-04-24_17-27-01
Frankfurt,Frankfurt3,2015-04-24_17-29-13
Frankfurt,Frankfurt3,2015-04-24_17-30-34
Frankfurt,Frankfurt3,2015-04-24_17-32-36
Frankfurt,Frankfurt3,2015-04-24_17-34-55
Frankfurt,Frankfurt3,2015-04-24_17-35-04
Frankfurt,Frankfurt3,2015-04-24_17-35-42
Frankfurt,Frankfurt3,2015-04-24_17-37-18
Frankfurt,Frankfurt3,2015-04-24_17-37-55
Frankfurt,Frankfurt3,2015-04-24_17-38-01
Frankfurt,Frankfurt3,2015-04-24_17-38-09
Frankfurt,Frankfurt3,2015-04-24_17-40-11
Frankfurt,Frankfurt3,2015-04-24_17-40-52
Frankfurt,Frankfurt3,2015-04-24_17-43-27
Frankfurt,Frankfurt4,2015-04-24_17-45-25
Frankfurt,Frankfurt4,2015-04-24_17-45-35
Frankfurt,Frankfurt4,2015-04-24_17-46-47
Frankfurt,Frankfurt4,2015-04-24_17-47-48
Frankfurt,Frankfurt4,2015-04-24_17-49-46
Frankfurt,Frankfurt4,2015-04-24_17-50-20
Frankfurt,Frankfurt4,2015-04-24_17-50-46
Frankfurt,Frankfurt4,2015-04-24_17-51-38
Frankfurt,Frankfurt4,2015-04-24_17-53-40
Frankfurt,Frankfurt4,2015-04-24_17-54-18
Frankfurt,Frankfurt4,2015-04-24_17-54-35
Frankfurt,Frankfurt4,2015-04-24_17-55-28
Frankfurt,Frankfurt4,2015-04-24_17-56-10
Frankfurt,Frankfurt4,2015-04-24_17-58-10
Frankfurt,Frankfurt4,2015-04-24_17-59-40
Frankfurt,Frankfurt4,2015-04-24_17-59-46
Frankfurt,Frankfurt4,2015-04-24_18-00-36
Frankfurt,Frankfurt4,2015-04-24_18-01-33
Frankfurt,Frankfurt4,2015-04-24_18-01-46
Frankfurt,Frankfurt4,2015-04-24_18-02-24
Frankfurt,Frankfurt4,2015-04-24_18-04-15
Frankfurt,Frankfurt4,2015-04-24_18-07-39
Frankfurt,Frankfurt4,2015-04-24_18-08-08
Frankfurt,Frankfurt4,2015-04-24_18-09-56
Frankfurt,Frankfurt4,2015-04-24_18-12-45
Frankfurt,Frankfurt4,2015-04-24_18-18-19
Frankfurt,Frankfurt4,2015-04-24_18-18-35
Frankfurt,Frankfurt4,2015-04-24_18-19-54
Frankfurt,Frankfurt4,2015-04-24_18-20-16
Frankfurt,Frankfurt4,2015-04-24_18-22-09
Frankfurt,Frankfurt4,2015-04-24_18-31-17
Frankfurt,Frankfurt4,2015-04-24_18-32-05
Frankfurt,Frankfurt4,2015-04-24_18-32-37
Frankfurt,Frankfurt4,2015-04-24_18-35-53
Frankfurt,Frankfurt4,2015-04-24_18-36-39
Frankfurt,Frankfurt4,2015-04-24_18-37-42
Frankfurt,Frankfurt4,2015-04-24_18-38-06
Frankfurt,Frankfurt4,2015-04-24_18-38-15
Frankfurt,Frankfurt4,2015-04-24_18-43-37
Frankfurt,Frankfurt4,2015-04-24_18-44-47
Frankfurt,Frankfurt5,2015-04-24_18-47-49
Frankfurt,Frankfurt5,2015-04-24_18-50-07
Frankfurt,Frankfurt5,2015-04-24_18-50-48
Frankfurt,Frankfurt5,2015-04-24_19-04-16
Frankfurt,Frankfurt5,2015-04-24_19-06-21
Frankfurt,Frankfurt5,2015-04-24_19-07-12
Frankfurt,Frankfurt5,2015-04-24_19-08-49
Frankfurt,Frankfurt5,2015-04-24_19-09-24
Frankfurt,Frankfurt5,2015-04-24_19-10-09
Frankfurt,Frankfurt5,2015-04-24_19-11-59
Frankfurt,Frankfurt5,2015-04-24_19-12-27
Frankfurt,Frankfurt5,2015-04-24_19-12-39
Frankfurt,Frankfurt5,2015-04-24_19-14-23
Frankfurt,Frankfurt5,2015-04-24_19-15-37
Frankfurt,Frankfurt5,2015-04-24_19-16-00
Frankfurt,Frankfurt5,2015-04-24_19-16-20
Frankfurt,Frankfurt5,2015-04-24_19-16-41
Frankfurt,Frankfurt5,2015-04-24_19-17-21
Fulda,Fulda1,2015-05-15_17-51-08
Fulda,Fulda1,2015-05-15_17-51-46
Fulda,Fulda1,2015-05-15_17-53-07
Fulda,Fulda1,2015-05-15_17-53-35
Fulda,Fulda1,2015-05-15_17-55-14
Fulda,Fulda1,2015-05-15_17-56-42
Fulda,Fulda1,2015-05-15_17-58-13
Fulda,Fulda2,2015-05-15_18-00-09
Fulda,Fulda2,2015-05-15_18-00-57
Fulda,Fulda2,2015-05-15_18-01-58
Fulda,Fulda2,2015-05-15_18-02-08
Fulda,Fulda2,2015-05-15_18-04-24
Fulda,Fulda2,2015-05-15_18-05-38
Fulda,Fulda2,2015-05-15_18-06-25
Fulda,Fulda2,2015-05-15_18-07-04
Fulda,Fulda2,2015-05-15_18-07-37
Fulda,Fulda2,2015-05-15_18-10-32
Fulda,Fulda2,2015-05-15_18-12-26
Fulda,Fulda2,2015-05-15_18-13-56
Fulda,Fulda2,2015-05-15_18-14-55
Hannover,Hannover1,2015-04-20_10-49-39
Hannover,Hannover1,2015-04-20_10-49-56
Hannover,Hannover1,2015-04-20_10-51-54
Hannover,Hannover1,2015-04-20_10-53-15
Hannover,Hannover1,2015-04-20_10-54-13
Hannover,Hannover1,2015-04-20_10-54-21
Hannover,Hannover1,2015-04-20_10-54-57
Hannover,Hannover1,2015-04-20_10-56-40
Hannover,Hannover1,2015-04-20_10-57-25
Hannover,Hannover1,2015-04-20_10-59-03
Hannover,Hannover1,2015-04-20_11-00-04
Hannover,Hannover1,2015-04-20_11-01-11
Hannover,Hannover1,2015-04-20_11-02-15
Hannover,Hannover1,2015-04-20_11-04-44
Hannover,Hannover1,2015-04-20_11-05-03
Hannover,Hannover1,2015-04-20_11-06-12
Hannover,Hannover1,2015-04-20_11-08-06
Hannover,Hannover1,2015-04-20_11-09-06
Hannover,Hannover1,2015-04-20_11-16-01
Hannover,Hannover1,2015-04-20_11-16-24
Hannover,Hannover1,2015-04-20_11-17-40
Hannover,Hannover1,2015-04-20_11-19-19
Hannover,Hannover1,2015-04-20_11-21-00
Hannover,Hannover1,2015-04-20_11-22-03
Hannover,Hannover1,2015-04-20_11-25-36
Hannover,Hannover1,2015-04-20_11-27-40
Hannover,Hannover1,2015-04-20_11-28-20
Hannover,Hannover1,2015-04-20_11-28-44
Hannover,Hannover1,2015-04-20_11-29-08
Hannover,Hannover1,2015-04-20_11-31-47
Hannover,Hannover1,2015-04-20_11-34-02
Hannover,Hannover1,2015-04-20_11-36-13
Hannover,Hannover1,2015-04-20_11-36-27
Hannover,Hannover1,2015-04-20_11-38-34
Hannover,Hannover1,2015-04-20_11-38-52
Hannover,Hannover1,2015-04-20_11-39-03
Hannover,Hannover1,2015-04-20_11-40-08
Hannover,Hannover1,2015-04-20_11-41-58
Hannover,Hannover1,2015-04-20_11-42-30
Hannover,Hannover2,2015-04-20_11-48-59
Hannover,Hannover2,2015-04-20_11-50-42
Hannover,Hannover2,2015-04-20_11-52-29
Hannover,Hannover2,2015-04-20_11-54-27
Hannover,Hannover2,2015-04-20_11-55-00
Hannover,Hannover2,2015-04-20_11-55-26
Hannover,Hannover2,2015-04-20_11-56-03
Hannover,Hannover2,2015-04-20_11-56-09
Hannover,Hannover2,2015-04-20_11-59-03
Hannover,Hannover2,2015-04-20_12-00-04
Hannover,Hannover2,2015-04-20_12-00-37
Hannover,Hannover2,2015-04-20_12-01-44
Hannover,Hannover2,2015-04-20_12-01-58
Hannover,Hannover2,2015-04-20_12-02-17
Hannover,Hannover2,2015-04-20_12-03-54
Hannover,Hannover2,2015-04-20_12-06-35
Hannover,Hannover2,2015-04-20_12-07-22
Hannover,Hannover2,2015-04-20_12-07-42
Hannover,Hannover2,2015-04-20_12-09-34
Hannover,Hannover2,2015-04-20_12-12-22
Hannover,Hannover2,2015-04-20_12-13-02
Hannover,Hannover2,2015-04-20_12-15-50
Hannover,Hannover2,2015-04-20_12-16-31
Hannover,Hannover2,2015-04-20_12-17-29
Hannover,Hannover2,2015-04-20_12-18-57
Hannover,Hannover2,2015-04-20_12-19-45
Hannover,Hannover2,2015-04-20_12-23-15
Hannover,Hannover2,2015-04-20_12-23-50
Hannover,Hannover2,2015-04-20_12-24-53
Hannover,Hannover2,2015-04-20_12-28-09
Hannover,Hannover2,2015-04-20_12-28-50
Hannover,Hannover2,2015-04-20_12-29-56
Hannover,Hannover3,2015-04-20_13-14-28
Hannover,Hannover3,2015-04-20_13-15-12
Hannover,Hannover3,2015-04-20_13-17-45
Hannover,Hannover3,2015-04-20_13-18-10
Hannover,Hannover3,2015-04-20_13-18-57
Hannover,Hannover3,2015-04-20_13-20-14
Hannover,Hannover3,2015-04-20_13-20-29
Hannover,Hannover3,2015-04-20_13-22-34
Hannover,Hannover3,2015-04-20_13-24-03
Hannover,Hannover3,2015-04-20_13-25-32
Hannover,Hannover3,2015-04-20_13-26-03
Hannover,Hannover3,2015-04-20_13-26-26
Hannover,Hannover3,2015-04-20_13-26-36
Hannover,Hannover3,2015-04-20_13-28-15
Hannover,Hannover3,2015-04-20_13-28-25
Hannover,Hannover3,2015-04-20_13-30-09
Hannover,Hannover3,2015-04-20_13-30-49
Hannover,Hannover3,2015-04-20_13-31-32
Hannover,Hannover3,2015-04-20_13-31-45
Hannover,Hannover3,2015-04-20_13-32-38
Hannover,Hannover3,2015-04-20_13-33-47
Hannover,Hannover3,2015-04-20_13-36-09
Hannover,Hannover3,2015-04-20_13-36-40
Hannover,Hannover3,2015-04-20_13-36-59
Hannover,Hannover3,2015-04-20_13-38-49
Hannover,Hannover3,2015-04-20_13-40-51
Hannover,Hannover3,2015-04-20_13-41-25
Hannover,Hannover3,2015-04-20_13-42-47
Hannover,Hannover3,2015-04-20_13-43-44
Hannover,Hannover3,2015-04-20_13-44-04
Hannover,Hannover3,2015-04-20_13-44-51
Hannover,Hannover3,2015-04-20_13-45-06
Hannover,Hannover3,2015-04-20_13-47-17
Hannover,Hannover3,2015-04-20_13-48-30
Hannover,Hannover4,2015-04-20_13-51-29
Hannover,Hannover4,2015-04-20_13-51-36
Hannover,Hannover4,2015-04-20_13-51-40
Hannover,Hannover4,2015-04-20_13-52-42
Hannover,Hannover4,2015-04-20_13-57-45
Hannover,Hannover4,2015-04-20_13-58-03
Hannover,Hannover4,2015-04-20_14-00-12
Hannover,Hannover4,2015-04-20_14-01-01
Hannover,Hannover4,2015-04-20_14-02-07
Hannover,Hannover4,2015-04-20_14-04-05
Hannover,Hannover4,2015-04-20_14-06-51
Hannover,Hannover4,2015-04-20_14-07-56
Hannover,Hannover4,2015-04-20_14-08-36
Hannover,Hannover4,2015-04-20_14-09-52
Hannover,Hannover4,2015-04-20_14-10-22
Hannover,Hannover4,2015-04-20_14-10-43
Hannover,Hannover4,2015-04-20_14-12-16
Hannover,Hannover4,2015-04-20_14-12-29
Hannover,Hannover4,2015-04-20_14-13-08
Hannover,Hannover4,2015-04-20_14-14-42
Hannover,Hannover4,2015-04-20_14-17-12
Hannover,Hannover4,2015-04-20_14-18-19
Hannover,Hannover4,2015-04-20_14-19-06
Hannover,Hannover4,2015-04-20_14-32-25
Hannover,Hannover4,2015-04-20_14-33-01
Hannover,Hannover4,2015-04-20_14-33-21
Hannover,Hannover5,2015-04-20_14-44-24
Hannover,Hannover5,2015-04-20_14-45-28
Hannover,Hannover5,2015-04-20_14-46-47
Hannover,Hannover5,2015-04-20_14-48-19
Hannover,Hannover5,2015-04-20_14-52-32
Hannover,Hannover5,2015-04-20_14-53-07
Hannover,Hannover5,2015-04-20_14-55-26
Hannover,Hannover5,2015-04-20_14-57-28
Hannover,Hannover5,2015-04-20_14-59-12
Hannover,Hannover5,2015-04-20_15-05-49
Hannover,Hannover5,2015-04-20_15-10-15
Hannover,Hannover5,2015-04-20_15-10-46
Hannover,Hannover5,2015-04-20_15-11-49
Hannover,Hannover5,2015-04-20_15-12-52
Hannover,Hannover5,2015-04-20_15-14-01
Hannover,Hannover5,2015-04-20_15-14-54
Hannover,Hannover6,2015-04-20_15-19-41
Hannover,Hannover6,2015-04-20_15-20-49
Hannover,Hannover6,2015-04-20_15-21-32
Hannover,Hannover6,2015-04-20_15-24-15
Hannover,Hannover6,2015-04-20_15-24-47
Hannover,Hannover6,2015-04-20_15-25-14
Hannover,Hannover6,2015-04-20_15-26-21
Hannover,Hannover6,2015-04-20_16-42-00
Hannover,Hannover6,2015-04-20_16-43-37
Hannover,Hannover6,2015-04-20_16-45-37
Hannover,Hannover6,2015-04-20_16-45-45
Hannover,Hannover6,2015-04-20_16-46-03
Hannover,Hannover6,2015-04-20_16-46-42
Hannover,Hannover6,2015-04-20_16-47-31
Hannover,Hannover6,2015-04-20_16-49-00
Hannover,Hannover6,2015-04-20_16-51-10
Hannover,Hannover6,2015-04-20_16-51-34
Hannover,Hannover6,2015-04-20_16-56-37
Hannover,Hannover6,2015-04-20_16-57-10
Hannover,Hannover6,2015-04-20_17-00-11
Hannover,Hannover6,2015-04-20_17-00-52
Hannover,Hannover6,2015-04-20_17-01-29
Hannover,Hannover6,2015-04-20_17-04-01
Hannover,Hannover6,2015-04-20_17-04-55
Hannover,Hannover6,2015-04-20_17-07-21
Hannover,Hannover6,2015-04-20_17-08-08
Hannover,Hannover6,2015-04-20_17-09-28
Hannover,Hannover6,2015-04-20_17-10-28
Hannover,Hannover6,2015-04-20_17-11-00
Hannover,Hannover6,2015-04-20_17-11-19
Hannover,Hannover6,2015-04-20_17-13-28
Hannover,Hannover6,2015-04-20_17-15-16
Hannover,Hannover6,2015-04-20_17-16-04
Hannover,Hannover6,2015-04-20_17-16-13
Hannover,Hannover6,2015-04-20_17-17-06
Hannover,Hannover6,2015-04-20_17-17-26
Hannover,Hannover6,2015-04-20_17-25-49
Hannover,Hannover6,2015-04-20_17-26-36
Kassel,Kassel1,2015-05-15_14-21-35
Kassel,Kassel1,2015-05-15_14-23-06
Kassel,Kassel1,2015-05-15_14-23-29
Kassel,Kassel1,2015-05-15_14-26-39
Kassel,Kassel1,2015-05-15_14-29-41
Kassel,Kassel1,2015-05-15_14-30-04
Kassel,Kassel1,2015-05-15_14-30-28
Kassel,Kassel1,2015-05-15_14-31-18
Kassel,Kassel1,2015-05-15_14-31-54
Kassel,Kassel2,2015-05-15_14-35-27
Kassel,Kassel2,2015-05-15_14-37-29
Kassel,Kassel2,2015-05-15_14-37-52
Kassel,Kassel2,2015-05-15_14-39-36
Kassel,Kassel2,2015-05-15_14-39-51
Kassel,Kassel2,2015-05-15_14-40-58
Kassel,Kassel2,2015-05-15_14-41-18
Kassel,Kassel2,2015-05-15_14-43-50
Kassel,Kassel2,2015-05-15_14-47-25
Kassel,Kassel2,2015-05-15_14-50-22
Kassel,Kassel2,2015-05-15_14-52-24
Kassel,Kassel2,2015-05-15_14-54-09
Kassel,Kassel2,2015-05-15_14-56-05
Kassel,Kassel2,2015-05-15_14-56-34
Kassel,Kassel2,2015-05-15_14-57-15
Kassel,Kassel2,2015-05-15_15-00-53
Kassel,Kassel2,2015-05-15_15-01-08
Kassel,Kassel3,2015-05-15_15-04-01
Kassel,Kassel3,2015-05-15_15-04-08
Kassel,Kassel3,2015-05-15_15-04-55
Kassel,Kassel3,2015-05-15_15-05-02
Kassel,Kassel3,2015-05-15_15-06-04
Kassel,Kassel3,2015-05-15_15-06-59
Kassel,Kassel3,2015-05-15_15-08-21
Kassel,Kassel3,2015-05-15_15-08-39
Kassel,Kassel3,2015-05-15_15-08-58
Kassel,Kassel3,2015-05-15_15-11-09
Kassel,Kassel3,2015-05-15_15-11-35
Kassel,Kassel3,2015-05-15_15-13-23
Kassel,Kassel3,2015-05-15_15-14-29
Kassel,Kassel3,2015-05-15_15-15-52
Kassel,Kassel3,2015-05-15_15-19-18
Kassel,Kassel3,2015-05-15_15-20-42
Kassel,Kassel3,2015-05-15_15-23-35
Kassel,Kassel3,2015-05-15_15-27-10
Kassel,Kassel3,2015-05-15_15-27-51
Kassel,Kassel3,2015-05-15_15-29-01
Kassel,Kassel4,2015-05-15_15-33-10
Kassel,Kassel4,2015-05-15_15-36-52
Kassel,Kassel4,2015-05-15_15-39-04
Kassel,Kassel4,2015-05-15_15-39-16
Kassel,Kassel4,2015-05-15_15-39-40
Kassel,Kassel4,2015-05-15_15-40-05
Kassel,Kassel4,2015-05-15_15-41-08
Kassel,Kassel4,2015-05-15_15-42-46
Kassel,Kassel4,2015-05-15_15-43-35
Kassel,Kassel4,2015-05-15_15-44-27
Kassel,Kassel4,2015-05-15_15-45-08
Kassel,Kassel4,2015-05-15_15-46-30
Kassel,Kassel4,2015-05-15_15-46-48
Kassel,Kassel4,2015-05-15_15-56-27
Kassel,Kassel4,2015-05-15_15-56-45
Kassel,Kassel4,2015-05-15_15-59-36
Kassel,Kassel4,2015-05-15_15-59-47
Kassel,Kassel4,2015-05-15_16-01-36
Kassel,Kassel4,2015-05-15_16-02-00
Kassel,Kassel4,2015-05-15_16-02-18
Kassel,Kassel4,2015-05-15_16-02-30
Kassel,Kassel4,2015-05-15_16-05-01
Kassel,Kassel4,2015-05-15_16-05-39
Kassel,Kassel4,2015-05-15_16-06-43
Kassel,Kassel4,2015-05-15_16-07-00
Kassel,Kassel4,2015-05-15_16-07-18
Kassel,Kassel5,2015-05-15_16-12-28
Kassel,Kassel5,2015-05-15_16-16-01
Kassel,Kassel5,2015-05-15_16-26-09
Kassel,Kassel5,2015-05-15_16-26-49
Kassel,Kassel5,2015-05-15_16-28-43
Kassel,Kassel5,2015-05-15_16-30-58
Kassel,Kassel5,2015-05-15_16-31-16
Kassel,Kassel5,2015-05-15_16-38-41
Kassel,Kassel5,2015-05-15_16-39-01
Koeln,Koeln1,2015-04-23_11-51-09
Koeln,Koeln1,2015-04-23_11-52-10
Koeln,Koeln1,2015-04-23_11-52-37
Koeln,Koeln1,2015-04-23_11-52-59
Koeln,Koeln1,2015-04-23_11-53-31
Koeln,Koeln1,2015-04-23_11-54-58
Koeln,Koeln1,2015-04-23_11-55-07
Koeln,Koeln1,2015-04-23_11-56-29
Koeln,Koeln1,2015-04-23_11-57-10
Koeln,Koeln1,2015-04-23_11-57-25
Koeln,Koeln1,2015-04-23_11-59-05
Koeln,Koeln1,2015-04-23_12-01-44
Koeln,Koeln1,2015-04-23_12-01-59
Koeln,Koeln1,2015-04-23_12-02-10
Koeln,Koeln1,2015-04-23_12-02-45
Koeln,Koeln1,2015-04-23_12-04-05
Koeln,Koeln1,2015-04-23_12-04-10
Koeln,Koeln1,2015-04-23_12-04-54
Koeln,Koeln1,2015-04-23_12-05-42
Koeln,Koeln1,2015-04-23_12-06-23
Koeln,Koeln1,2015-04-23_12-06-41
Koeln,Koeln1,2015-04-23_12-06-49
Koeln,Koeln1,2015-04-23_12-08-54
Koeln,Koeln1,2015-04-23_12-09-38
Koeln,Koeln1,2015-04-23_12-10-30
Koeln,Koeln1,2015-04-23_12-10-46
Koeln,Koeln1,2015-04-23_12-13-03
Koeln,Koeln1,2015-04-23_12-13-48
Koeln,Koeln1,2015-04-23_12-15-10
Koeln,Koeln1,2015-04-23_12-16-05
Koeln,Koeln1,2015-04-23_12-18-29
Koeln,Koeln1,2015-04-23_12-18-45
Koeln,Koeln1,2015-04-23_12-19-38
Koeln,Koeln1,2015-04-23_12-20-45
Koeln,Koeln1,2015-04-23_12-23-32
Koeln,Koeln1,2015-04-23_12-23-58
Koeln,Koeln1,2015-04-23_12-25-11
Koeln,Koeln1,2015-04-23_12-25-21
Koeln,Koeln1,2015-04-23_12-25-31
Koeln,Koeln1,2015-04-23_12-25-58
Koeln,Koeln1,2015-04-23_12-28-16
Koeln,Koeln2,2015-04-23_12-31-31
Koeln,Koeln2,2015-04-23_12-31-55
Koeln,Koeln2,2015-04-23_12-32-07
Koeln,Koeln2,2015-04-23_12-32-53
Koeln,Koeln2,2015-04-23_12-33-10
Koeln,Koeln2,2015-04-23_12-33-22
Koeln,Koeln2,2015-04-23_12-53-02
Koeln,Koeln2,2015-04-23_12-54-40
Koeln,Koeln2,2015-04-23_12-55-16
Koeln,Koeln2,2015-04-23_12-55-31
Koeln,Koeln2,2015-04-23_12-55-44
Koeln,Koeln2,2015-04-23_12-57-42
Koeln,Koeln2,2015-04-23_12-58-12
Koeln,Koeln2,2015-04-23_12-59-15
Koeln,Koeln2,2015-04-23_12-59-57
Koeln,Koeln2,2015-04-23_13-03-11
Koeln,Koeln2,2015-04-23_13-03-59
Koeln,Koeln2,2015-04-23_13-06-46
Koeln,Koeln2,2015-04-23_13-07-03
Koeln,Koeln2,2015-04-23_13-07-42
Koeln,Koeln2,2015-04-23_13-08-47
Koeln,Koeln2,2015-04-23_13-08-55
Koeln,Koeln2,2015-04-23_13-09-27
Koeln,Koeln2,2015-04-23_13-09-35
Koeln,Koeln2,2015-04-23_13-10-19
Koeln,Koeln2,2015-04-23_13-11-29
Koeln,Koeln2,2015-04-23_13-11-46
Koeln,Koeln2,2015-04-23_13-12-48
Koeln,Koeln2,2015-04-23_13-13-18
Koeln,Koeln2,2015-04-23_13-13-26
Koeln,Koeln2,2015-04-23_13-13-57
Koeln,Koeln2,2015-04-23_13-14-14
Koeln,Koeln2,2015-04-23_13-14-40
Koeln,Koeln2,2015-04-23_13-15-36
Koeln,Koeln2,2015-04-23_13-16-26
Koeln,Koeln2,2015-04-23_13-16-45
Koeln,Koeln2,2015-04-23_13-20-33
Koeln,Koeln2,2015-04-23_13-24-06
Koeln,Koeln2,2015-04-23_13-24-43
Koeln,Koeln2,2015-04-23_13-25-21
Koeln,Koeln2,2015-04-23_13-26-00
Koeln,Koeln2,2015-04-23_13-27-52
Koeln,Koeln2,2015-04-23_13-28-40
Koeln,Koeln2,2015-04-23_13-29-48
Koeln,Koeln2,2015-04-23_13-30-07
Koeln,Koeln2,2015-04-23_13-30-57
Koeln,Koeln3,2015-04-23_13-34-59
Koeln,Koeln3,2015-04-23_13-35-29
Koeln,Koeln3,2015-04-23_13-38-56
Koeln,Koeln3,2015-04-23_13-40-46
Koeln,Koeln3,2015-04-23_13-41-03
Koeln,Koeln3,2015-04-23_13-41-15
Koeln,Koeln3,2015-04-23_13-42-45
Koeln,Koeln3,2015-04-23_13-43-40
Koeln,Koeln3,2015-04-23_13-43-51
Koeln,Koeln3,2015-04-23_13-44-51
Koeln,Koeln3,2015-04-23_13-45-15
Koeln,Koeln3,2015-04-23_13-45-47
Koeln,Koeln3,2015-04-23_13-45-55
Koeln,Koeln3,2015-04-23_13-47-13
Koeln,Koeln3,2015-04-23_13-47-41
Koeln,Koeln3,2015-04-23_13-48-14
Koeln,Koeln3,2015-04-23_13-50-34
Koeln,Koeln3,2015-04-23_13-51-40
Koeln,Koeln3,2015-04-23_13-53-16
Koeln,Koeln3,2015-04-23_13-55-11
Koeln,Koeln3,2015-04-23_13-55-44
Koeln,Koeln3,2015-04-23_13-56-53
Koeln,Koeln3,2015-04-23_13-57-30
Koeln,Koeln3,2015-04-23_13-58-11
Koeln,Koeln3,2015-04-23_13-59-56
Koeln,Koeln3,2015-04-23_14-00-19
Koeln,Koeln3,2015-04-23_14-01-07
Koeln,Koeln3,2015-04-23_14-01-14
Koeln,Koeln3,2015-04-23_14-01-24
Koeln,Koeln3,2015-04-23_14-01-35
Koeln,Koeln4,2015-04-23_14-05-48
Koeln,Koeln4,2015-04-23_14-09-49
Koeln,Koeln4,2015-04-23_14-11-47
Koeln,Koeln4,2015-04-23_14-12-42
Koeln,Koeln4,2015-04-23_14-12-55
Koeln,Koeln4,2015-04-23_14-14-18
Koeln,Koeln4,2015-04-23_14-14-27
Koeln,Koeln4,2015-04-23_14-18-23
Koeln,Koeln4,2015-04-23_14-18-31
Koeln,Koeln4,2015-04-23_14-19-27
Koeln,Koeln4,2015-04-23_14-24-57
Koeln,Koeln4,2015-04-23_14-25-52
Koeln,Koeln4,2015-04-23_14-26-36
Koeln,Koeln4,2015-04-23_14-26-56
Koeln,Koeln4,2015-04-23_14-27-24
Koeln,Koeln4,2015-04-23_14-27-48
Koeln,Koeln4,2015-04-23_14-29-45
Koeln,Koeln4,2015-04-23_14-30-23
Koeln,Koeln4,2015-04-23_14-30-51
Koeln,Koeln4,2015-04-23_14-40-29
Koeln,Koeln4,2015-04-23_14-40-45
Koeln,Koeln4,2015-04-23_14-41-29
Koeln,Koeln4,2015-04-23_14-42-25
Koeln,Koeln4,2015-04-23_14-42-39
Koeln,Koeln4,2015-04-23_14-44-39
Koeln,Koeln4,2015-04-23_14-45-55
Koeln,Koeln4,2015-04-23_14-46-09
Koeln,Koeln5,2015-04-23_14-51-27
Koeln,Koeln5,2015-04-23_14-53-10
Koeln,Koeln5,2015-04-23_14-54-36
Koeln,Koeln5,2015-04-23_14-55-25
Koeln,Koeln5,2015-04-23_14-55-41
Koeln,Koeln5,2015-04-23_14-57-13
Koeln,Koeln5,2015-04-23_15-52-34
Koeln,Koeln5,2015-04-23_15-53-52
Koeln,Koeln5,2015-04-23_15-54-58
Koeln,Koeln5,2015-04-23_15-55-12
Koeln,Koeln5,2015-04-23_15-55-35
Koeln,Koeln5,2015-04-23_15-56-41
Koeln,Koeln5,2015-04-23_15-56-55
Koeln,Koeln5,2015-04-23_15-58-27
Koeln,Koeln5,2015-04-23_15-58-52
Koeln,Koeln5,2015-04-23_15-59-38
Koeln,Koeln5,2015-04-23_16-03-43
Koeln,Koeln5,2015-04-23_16-05-22
Koeln,Koeln5,2015-04-23_16-07-36
Koeln,Koeln5,2015-04-23_16-08-13
Koeln,Koeln5,2015-04-23_16-08-20
Koeln,Koeln5,2015-04-23_16-09-15
Koeln,Koeln5,2015-04-23_16-12-28
Koeln,Koeln5,2015-04-23_16-12-48
Koeln,Koeln5,2015-04-23_16-14-05
Koeln,Koeln5,2015-04-23_16-17-35
Koeln,Koeln5,2015-04-23_16-18-10
Koeln,Koeln5,2015-04-23_16-19-29
Koeln,Koeln5,2015-04-23_16-20-20
Koeln,Koeln5,2015-04-23_16-20-30
Koeln,Koeln5,2015-04-23_16-26-20
Koeln,Koeln5,2015-04-23_16-28-47
Koeln,Koeln5,2015-04-23_16-32-47
Koeln,Koeln5,2015-04-23_16-33-23
Koeln,Koeln5,2015-04-23_16-34-27
Koeln,Koeln5,2015-04-23_16-36-56
Koeln,Koeln5,2015-04-23_16-37-09
